scode,dlat,dlon,divi,city,sname
00AA01,35.6891848,139.6916481,13,新宿区,東京都庁舎（４ヶ所）
00AB01,35.5612596,139.7159873,13,大田区,大田区役所本庁舎
00AB02,35.5858402,139.736662,13,大田区,大森地域庁舎
00AB03,35.5931186,139.6806109,13,大田区,調布地域庁舎
00AB04,35.5585628,139.7186593,13,大田区,蒲田地域庁舎
00AB05,35.557358,139.7396524,13,大田区,糀谷・羽田地域庁舎
00AB06,35.5598154,139.7154541,13,大田区,消費者生活センター
00AB07,35.5629822,139.742052,13,大田区,大森東特別出張所
00AB08,35.5768756444683,139.730002082268,13,大田区,大森西特別出張所
00AB09,35.5833957,139.7268683,13,大田区,入新井特別出張所
00AB10,35.5938968,139.709597,13,大田区,馬込特別出張所
00AB11,35.575116,139.7102815,13,大田区,池上特別出張所
00AB12,35.5797,139.7196,13,大田区,新井宿特別出張所
00AB13,35.5878305,139.6773478,13,大田区,嶺町特別出張所
00AB14,35.588141504508,139.671184068778,13,大田区,田園調布特別出張所
00AB15,35.5750214,139.6852316,13,大田区,鵜の木特別出張所
00AB16,35.5803874,139.6939191,13,大田区,久が原特別出張所
00AB17,35.5931186,139.6806109,13,大田区,雪谷特別出張所
00AB18,35.6058499025557,139.692630347032,13,大田区,千束特別出張所
00AB19,35.5587354,139.7367498,13,大田区,糀谷特別出張所
00AB20,35.549152,139.742352,13,大田区,羽田特別出張所
00AB21,35.5499224,139.7153129,13,大田区,六郷特別出張所
00AB22,35.5620289,139.6902568,13,大田区,矢口特別出張所
00AB23,35.5644889352112,139.710675269046,13,大田区,蒲田西特別出張所
00AC01,35.5487531,139.4463123,13,町田市,町田市庁舎
00AC02,35.5783826,139.4158308,13,町田市,忠生市民センター
00AC03,35.5237496,139.4667702,13,町田市,南市民センター
00AC04,35.5367865,139.4730113,13,町田市,なるせ駅前市民センター
00AC05,35.588828,139.4673237,13,町田市,鶴川市民センター
00AC06,35.6043208,139.3333263,13,町田市,堺市民センター
00AC07,35.5930219,139.3863969,13,町田市,小山市民センター
00AC10,35.5869676,139.4118837,13,町田市,町田市バイオエネルギーセンター
00AC11,35.5550524724959,139.427141770855,13,町田市,リサイクル広場まちだ
00AC12,35.5549828,139.4271194,13,町田市,境川クリーンセンター　（移動リサイクル広場）
00AC13,35.5352405,139.4836527,13,町田市,成瀬クリーンセンター　（移動リサイクル広場）
00AC14,35.5905057,139.468668,13,町田市,鶴川団地センター名店街広場　（移動リサイクル広場）
00AC15,35.6093063,139.3196439,13,町田市,相原中央公園　（移動リサイクル広場）
00AC16,35.5995297,139.4669402,13,町田市,真光寺３丁目町内会館　（移動リサイクル広場）
00AC17,35.527165,139.484699,13,町田市,つくし野コミュニティセンター
00AD01,35.712607,139.7799844,13,台東区,台東区役所
00AD02,35.7176155,139.8036213,13,台東区,台東清掃事務所
00AD03,35.7179228492833,139.782418110953,13,台東区,台東清掃事務所北上野分室
00AD05,35.7036637,139.7897121,13,台東区,環境ふれあい館
00AE01,35.735654,139.6522965,13,練馬区,練馬区役所
00AE02,35.7249725,139.5779477,13,練馬区,関町リサイクルセンター
00AE03,35.7560459,139.6478684,13,練馬区,春日町リサイクルセンター
00AE04,35.7370873,139.6600652,13,練馬区,豊玉リサイクルセンター
00AE05,35.7484766,139.6235067,13,練馬区,資源循環センター
00AE06,35.763096,139.590809,13,練馬区,大泉リサイクルセンター
00AE07,35.7311742632749,139.590041707607,13,練馬区,石神井清掃事務所
00AF01,35.6705866,139.7720031,13,中央区,中央区役所本庁舎１階
00AF02,35.6824856,139.7843214,13,中央区,日本橋特別出張所
00AF03,35.6619989,139.7821888,13,中央区,月島特別出張所
00AF04,35.6747955371112,139.775728817468,13,中央区,リサイクルハウスかざぐるま八丁堀
00AF05,35.6812025,139.789035,13,中央区,リサイクルハウスかざぐるま箱崎町
00AF06,35.6518680196134,139.78006124549,13,中央区,晴海特別出張所
00AG01,35.6981027,139.7697635,13,千代田区,千代田清掃事務所
00AG02,35.7018822,139.7485924,13,千代田区,千代田清掃事務所飯田橋車庫
00AG03,35.6891704,139.7675556,13,千代田区,リサイクルセンター鎌倉橋
00AG04,35.6940027,139.753634,13,千代田区,千代田区役所本庁舎　２階　総合窓口課
00AG05,35.6940027,139.753634,13,千代田区,千代田区役所本庁舎　５階　環境政策課
00AG06,35.6852839,139.7397354,13,千代田区,麹町出張所
00AG07,35.6991158,139.7463732,13,千代田区,富士見出張所
00AG08,35.6977023,139.7554199,13,千代田区,神保町出張所
00AG09,35.6929061,139.7679665,13,千代田区,神田公園出張所
00AG10,35.6976528,139.7705496,13,千代田区,万世橋出張所
00AG11,35.6972391,139.7747188,13,千代田区,和泉橋出張所
00AH01,35.7080343,139.7524753,13,文京区,文京シビックセンター
00AH02,35.7118977,139.7503059,13,文京区,文京区礫川地域活動センター
00AH03,35.724496,139.74339,13,文京区,文京区大原地域活動センター
00AH04,35.7180417780593,139.735976003294,13,文京区,文京区大塚地域活動センター
00AH05,35.713894,139.729761,13,文京区,文京区音羽地域活動センター
00AH06,35.7081069,139.7639802,13,文京区,文京区湯島地域活動センター
00AH07,35.717295,139.757997,13,文京区,文京区向丘地域活動センター
00AH08,35.7191779,139.7642297,13,文京区,文京区根津地域活動センター
00AH09,35.725591,139.7615047,13,文京区,文京区汐見地域活動センター
00AH10,35.7286069,139.7523414,13,文京区,文京区駒込地域活動センター
00AH11,35.7172359,139.7428145,13,文京区,文京清掃事務所播磨坂清掃事業所
00AH12,35.710404,139.734783,13,文京区,文京福祉センター江戸川橋
00AI03,35.6461343607084,139.651811191477,13,世田谷区,世田谷区役所　本庁舎第２庁舎
00AI04,35.6621401,139.6698287,13,世田谷区,世田谷区役所　北沢総合支所
00AI05,35.6086129,139.6484268,13,世田谷区,世田谷区役所　玉川総合支所
00AI06,35.6412442,139.6005826,13,世田谷区,世田谷区役所　砧総合支所
00AI07,35.669801,139.5980006,13,世田谷区,世田谷区役所　烏山総合支所
00AI08,35.6269136,139.6305446,13,世田谷区,エコプラザ用賀
00AI09,35.6456552,139.6171225,13,世田谷区,リサイクル千歳台
00AJ01,35.7323921,139.7154965,13,豊島区,豊島区役所本庁舎
00AJ02,35.7312648,139.7314148,13,豊島区,東部区民事務所
00AJ03,35.735564,139.690629,13,豊島区,西部区民事務所
00AJ04,35.7380859,139.7129187,13,豊島区,豊島清掃事務所
00AJ05,35.7269484,139.7189019,13,豊島区,中央図書館
00AJ06,35.7356236,139.6884127,13,豊島区,千早図書館
00AJ08,35.7197016,139.7136471,13,豊島区,雑司が谷地域文化創造館
00AJ09,35.7372615,139.7472831,13,豊島区,駒込地域文化創造館
00AJ10,35.7375531,139.7317368,13,豊島区,巣鴨地域文化創造館
00AJ11,35.7292289,139.7298233,13,豊島区,南大塚地域文化創造館
00AJ13,35.7277116,139.7066614,13,豊島区,としま産業振興プラザＩＫＥ・Ｂｉｚ
00AJ14,35.7356311,139.7254234,13,豊島区,豊島リサイクルセンター
00AJ15,35.7290373,139.7303288,13,豊島区,東部障害支援センター
00AJ16,35.7370393,139.7475636,13,豊島区,区民ひろば駒込
00AJ17,35.7356394,139.7337673,13,豊島区,区民ひろば清和第一
00AJ18,35.7404,139.7278147,13,豊島区,区民ひろば西巣鴨第一
00AJ19,35.7319675,139.7214376,13,豊島区,区民ひろば朋有
00AJ20,35.738462,139.708757,13,豊島区,区民ひろば池袋
00AJ21,35.7239112,139.6916547,13,豊島区,区民ひろば富士見台
00AJ22,35.737165,139.6873016,13,豊島区,区民ひろば千早
00AJ23,35.7387127,139.6975729,13,豊島区,区民ひろば高松
00AJ24,35.7296992,139.681022,13,豊島区,区民ひろばさくら第一
00AJ25,35.7365095,139.6827493,13,豊島区,区民ひろばさくら第二
00AJ26,35.7336866,139.7188267,13,豊島区,（社）豊島区シルバー人材センター
00AJ27,35.736842,139.740228,13,豊島区,区民ひろば仰高
00AJ28,35.72227,139.7099,13,豊島区,区民ひろば目白
00AJ29,35.735639,139.704454,13,豊島区,豊島区みらい館　大明
00AK02,35.7641476,139.7400462,13,北区,北区清掃事務所
00AK03,35.7426168,139.7601429,13,北区,滝野川清掃庁舎
00AK04,35.7846822,139.6924553,13,北区,浮間清掃事業所
00AK05,35.740164,139.7554824,13,北区,富士見橋エコー広場館
00AK06,35.7646635,139.713804,13,北区,北ノ台スポーツ多目的広場
00AK07,35.7455633,139.725823,13,北区,滝野川西エコー広場館
00AK08,35.7761566,139.7218668,13,北区,赤羽区民事務所
00AM01,35.6615413,139.7062004,13,渋谷区,渋谷区清掃事務所（美竹分庁舎）
00AN01,35.6088372,139.7302417,13,品川区,品川区役所本庁舎
00AN02,35.6092954,139.7276863,13,品川区,中小企業センター
00AN03,35.6166727,139.7400879,13,品川区,品川第一地域センター
00AN04,35.6113623,139.7413103,13,品川区,品川第二地域センター
00AN05,35.6277707,139.7168782,13,品川区,大崎第一地域センター
00AN06,35.6169195,139.7275777,13,品川区,大崎第二地域センター
00AN07,35.5963056,139.7375947,13,品川区,大井第一地域センター 南大井文化センター
00AN08,35.6040906,139.7303835,13,品川区,大井第二地域センター
00AN09,35.5977120863122,139.721096311542,13,品川区,大井第三地域センター 
00AN10,35.6207711655299,139.705849639746,13,品川区,荏原第一地域センター 
00AN11,35.6111029,139.7043188,13,品川区,荏原第二地域センター 
00AN12,35.6133335,139.7153594,13,品川区,荏原第三地域センター 
00AN13,35.60374,139.7083575,13,品川区,荏原第四地域センター 
00AN14,35.6082502940264,139.725823722583,13,品川区,荏原第五地域センター 
00AN15,35.6001528,139.7512547,13,品川区,八潮地域センター 
00AN16,35.6224602,139.7166395,13,品川区,五反田文化センター
00AN17,35.612164,139.7105459,13,品川区,荏原文化センター
00AN18,35.6141928,139.7507484,13,品川区,東品川文化センター
00AN19,35.6037564,139.7004527,13,品川区,旗の台文化センター
00AN20,35.6168736924638,139.742222396965,13,品川区,品川図書館
00AN21,35.6226985930396,139.717474867096,13,品川区,荏原保健センター
00AN22,35.6241798,139.7282635,13,品川区,総合体育館
00AN23,35.6108395,139.7205895,13,品川区,戸越体育館
00AN24,35.609130753943,139.727895629239,13,品川区,品川区消費者センター
00AN25,35.6181862,139.7334745,13,品川区,品川区清掃事務所　品川庁舎
00AN26,35.614025,139.7142428,13,品川区,品川区清掃事務所　荏原分室
00AO01,35.7434303,139.847213,13,葛飾区,葛飾区役所
00AO02,35.7501601,139.8543174,13,葛飾区,青戸地区センター
00AO03,35.7163333,139.8617436,13,葛飾区,新小岩地区センター
00AO04,35.745955,139.8684026,13,葛飾区,高砂地区センター
00AO05,35.7401252,139.8371672,13,葛飾区,四つ木地区センター
00AO06,35.769699,139.8687819,13,葛飾区,金町地区センター
00AO07,35.7242685,139.8586685,13,葛飾区,新小岩北地区センター
00AO08,35.7289429,139.8406507,13,葛飾区,東四つ木地区センター
00AO09,35.7472463,139.8280871,13,葛飾区,堀切地区センター
00AO10,35.7540815,139.8300002,13,葛飾区,南綾瀬地区センター
00AO12,35.7678492,139.871268,13,葛飾区,中央図書館
00AO13,35.7229854,139.8619015,13,葛飾区,上小松図書館
00AO14,35.7788478,139.8675264,13,葛飾区,水元図書館
00AO15,35.7511931,139.8386995,13,葛飾区,お花茶屋図書館
00AO16,35.7452411,139.8753715,13,葛飾区,鎌倉図書館
00AO17,35.75912,139.8460287,13,葛飾区,亀有図書館
00AO18,35.7565064,139.8430542,13,葛飾区,亀有学び交流館
00AO19,35.7536787,139.8818956,13,葛飾区,柴又学び交流館
00AO20,35.7796618,139.8556716,13,葛飾区,水元学び交流館
00AO21,35.7377227,139.862098,13,葛飾区,総合スポーツセンター
00AO22,35.7373728,139.8458552,13,葛飾区,かつしかエコライフプラザ
00AO23,35.7409599402763,139.861519033378,13,葛飾区,清掃事務所
00AO24,35.76658,139.848449,13,葛飾区,亀有地区センター
00AO25,35.7187341515735,139.853720509762,13,葛飾区,にこわ新小岩（新小岩地域活動センター）
00AP01,35.7360827,139.7833718,13,荒川区,荒川区役所　本庁舎
00AP02,35.732997,139.7844496,13,荒川区,荒川区あらかわエコセンター
00AP03,35.7529473,139.7792239,13,荒川区,荒川区清掃リサイクル事務所
00AP04,35.7482445,139.7688724,13,荒川区,荒川区男女平等推進センター
00AP05,35.7375192,139.7954181,13,荒川区,荒川区南千住図書館
00AP07,35.7505243345433,139.766234274149,13,荒川区,荒川区尾久図書館
00AP08,35.7512641,139.7787213,13,荒川区,荒川区町屋図書館
00AP09,35.7311577,139.77492,13,荒川区,荒川区日暮里図書館
00AP10,35.7331808,139.7983987,13,荒川区,荒川区南千住駅前ふれあい館
00AP11,35.7352226,139.8073536,13,荒川区,荒川区汐入ふれあい館
00AP12,35.7425543,139.783963,13,荒川区,荒川区荒川山吹ふれあい館
00AP13,35.7504061,139.7833987,13,荒川区,荒川区荒木田ふれあい館
00AP14,35.7515991,139.7533541,13,荒川区,荒川区西尾久ふれあい館
00AP15,35.7296614,139.7901827,13,荒川区,荒川区東日暮里ふれあい館
00AP16,35.7362736,139.7707924,13,荒川区,荒川区西日暮里ふれあい館
00AP17,35.7337774,139.7841663,13,荒川区,荒川区峡田ふれあい館
00AP18,35.738174,139.791031,13,荒川区,荒川区南千住ふれあい館
00AP19,35.744157,139.785807,13,荒川区,荒川区町屋ふれあい館
00AP20,35.750226,139.76337,13,荒川区,荒川区尾久ふれあい館
00AP21,35.731399,139.805848,13,荒川区,荒川区石浜ふれあい館
00AP22,35.730075,139.781231,13,荒川区,荒川区夕やけこやけふれあい館
00AP23,35.728483,139.807882,13,荒川区,あらかわリサイクルセンター
00AP24,35.73964,139.784141,13,荒川区,ゆいの森あらかわ
00AP25,35.7448158508372,139.771451774515,13,荒川区,東尾久本町通りふれあい館
00AP26,35.732909602872,139.775878940493,13,荒川区,ひぐらしふれあい館
00AQ01,35.6938901,139.7034632,13,新宿区,新宿区役所本庁舎
00AQ02,35.7166765,139.7045454,13,新宿区,新宿清掃事務所
00AQ03,35.7110218,139.712267,13,新宿区,西早稲田リサイクル活動センター
00AQ04,35.6910206,139.6886067,13,新宿区,環境学習情報センター
00AQ05,35.6875412,139.7145262,13,新宿区,四谷特別出張所
00AQ06,35.7005708,139.7341823,13,新宿区,箪笥町特別出張所
00AQ07,35.7054645,139.7267353,13,新宿区,榎町特別出張所
00AQ08,35.6990704,139.7164087,13,新宿区,若松町特別出張所
00AQ09,35.7015865,139.7068042,13,新宿区,大久保特別出張所
00AQ10,35.7144101,139.7050899,13,新宿区,戸塚特別出張所
00AQ11,35.7187175,139.6949936,13,新宿区,落合第一特別出張所
00AQ12,35.7198337,139.6830641,13,新宿区,落合第二特別出張所
00AQ13,35.6985114,139.6902701,13,新宿区,柏木特別出張所
00AQ14,35.6861962,139.6890956,13,新宿区,角筈特別出張所
00AQ15,35.712861,139.702848,13,新宿区,新宿リサイクル活動センター
00AQ16,35.68872,139.724234,13,新宿区,新宿東清掃センター
00AR01,35.672773,139.8172708,13,江東区,江東区役所（２箇所）
00AR02,35.6555805,139.8116914,13,江東区,環境学習情報館（えこっくる江東）
00AR03,35.6890767,139.8269171,13,江東区,総合区民センター
00AS01,35.6998934,139.6363629,13,杉並区,杉並区役所
00AS02,35.7022043,139.6285885,13,杉並区,杉並清掃事務所
00AS03,35.6741551,139.6602429,13,杉並区,杉並清掃事務所方南支所
00AS05,35.699699,139.654185,13,杉並区,杉並清掃事務所高円寺車庫
00AS06,35.702213,139.626789,13,杉並区,中央図書館
00AS07,35.693587,139.598851,13,杉並区,宮前図書館
00AS08,35.70785,139.605954,13,杉並区,西荻図書館
00AS09,35.711744,139.633226,13,杉並区,阿佐谷図書館
00AS10,35.681736,139.622862,13,杉並区,高井戸図書館
00AS11,35.6784743395437,139.637954924386,13,杉並区,永福図書館
00AS12,35.69526,139.614429,13,杉並区,南荻窪図書館
00AS13,35.720977,139.623291,13,杉並区,下井草図書館
00AS14,35.679021,139.66007,13,杉並区,方南図書館
00AS15,35.715646,139.599924,13,杉並区,今川図書館
00AS16,35.720269,139.612136,13,杉並区,柿木図書館
00AS17,35.683514,139.615948,13,杉並区,環境活動推進センター
00AS18,35.7040236924608,139.63750072669,13,杉並区,阿佐谷地域区民センター
00AS19,35.7206584279323,139.616589370624,13,杉並区,井草地域区民センター
00AS20,35.6757164109246,139.645955268769,13,杉並区,永福和泉地域区民センター
00AS22,35.6836248656944,139.616560339933,13,杉並区,高井戸地域区民センター
00AS23,35.7127044728058,139.602151853425,13,杉並区,西荻地域区民センター
00AS24,35.6970321540701,139.653604300746,13,杉並区,高円寺地域区民センター
00AT01,35.6825186,139.5601342,13,三鷹市,三鷹市役所本庁舎
00AT02,35.6825186,139.5601342,13,三鷹市,三鷹市役所第二庁舎
00AT03,35.6892035,139.5427022,13,三鷹市,リサイクル市民工房
00AT04,35.7018165,139.5621028,13,三鷹市,三鷹駅前市政窓口
00AT06,35.6671511,139.5759277,13,三鷹市,東部市政窓口
00AT07,35.6839124,139.5389555,13,三鷹市,西部市政窓口
00AT08,35.6852489,139.5581093,13,三鷹市,三鷹市立図書館
00AT10,35.6826994,139.5789575,13,三鷹市,東部図書館
00AT11,35.6809654,139.5358003,13,三鷹市,西部図書館
00AT13,35.6686892,139.5372395,13,三鷹市,大沢コミュニティセンター
00AT14,35.6849158,139.5747828,13,三鷹市,牟礼コミュニティセンター
00AT15,35.6934893,139.5485238,13,三鷹市,井口コミュニティセンター
00AT16,35.6938206,139.5831679,13,三鷹市,井の頭コミュニティセンター
00AT17,35.6689175,139.5757776,13,三鷹市,新川中原コミュニティセンター
00AT18,35.6924731,139.5609588,13,三鷹市,連雀コミュニティセンター
00AT19,35.6995501,139.5630612,13,三鷹市,三鷹駅前コミュニティセンター
00AT20,35.675143,139.568623,13,三鷹市,南部図書館
00AU01,35.6379377,139.504603,13,稲城市,稲城市役所本庁舎
00AU02,35.609851,139.488553,13,稲城市,平尾出張所
00AU03,35.620866,139.472219,13,稲城市,若葉台出張所
00AU04,35.637944,139.504588,13,稲城市,中央文化センター
00AU05,35.635184,139.518562,13,稲城市,第二文化センター
00AU06,35.613137,139.492622,13,稲城市,第三文化センター
00AU07,35.645935,139.505489,13,稲城市,第四文化センター
00AU08,35.64139,139.490785,13,稲城市,城山文化センター
00AU09,35.645717,139.488476,13,稲城市,稲城市立中央図書館
00AU10,35.631654,139.485973,13,稲城市,総合体育館
00AV01,35.637017,139.446298,13,多摩市,多摩市役所
00AV02,35.628245,139.44854,13,多摩市,永山公民館
00AV03,35.649601,139.446958,13,多摩市,関戸公民館
00AV04,35.624815,139.425578,13,多摩市,多摩センター駅出張所
00AV05,35.618841,139.454674,13,多摩市,エコプラザ多摩
00AV06,35.6121488057135,139.409992866798,13,多摩市,多摩ニュータウン環境組合リサイクルセンター
00AW01,35.741055,139.556687,13,西東京市,エコプラザ西東京
00AW03,35.747914,139.567579,13,西東京市,保谷駅前図書館
00AW04,35.732727,139.528103,13,西東京市,芝久保図書館
00AW05,35.741527,139.543694,13,西東京市,谷戸図書館
00AW06,35.728392,139.553938,13,西東京市,柳沢図書館
00AW07,35.751676,139.543501,13,西東京市,ひばりが丘図書館
00AW09,35.729056,139.562574,13,西東京市,東伏見ふれあいプラザ
00AW10,35.7260041219271,139.538329367224,13,西東京市,西東京市役所田無庁舎
00AW11,35.7536639549365,139.556783830811,13,西東京市,北町コミュニティセンター
00AX01,35.669066,139.47728,13,府中市,府中市役所本庁舎
00AY01,35.754928,139.387418,13,武蔵村山市,武蔵村山市役所　本庁舎
00AY02,35.743954,139.407433,13,武蔵村山市,武蔵村山市緑が丘出張所
00AY03,35.746312,139.403256,13,武蔵村山市,武蔵村山市民総合センター
00AY04,35.746249,139.37515,13,武蔵村山市,武蔵村山市残堀・伊奈平図書館
00AZ01,35.706957,139.868724,13,江戸川区,江戸川区役所　本庁舎
00BA01,35.728573,139.477444,13,小平市,小平市役所本庁舎
00BA02,35.733016,139.475093,13,小平市,小平市リサイクルセンター
00BB01,34.0978511,139.494515,13,三宅村,三宅村クリーンセンター
00BB02,34.07572,139.4798,13,三宅村,三宅村役場臨時庁舎
00BD01,35.745325,139.426648,13,東大和市,市役所１Ｆロビー
00BD02,35.734318,139.420086,13,東大和市,桜が丘市民センター
00BD03,35.7408,139.447207,13,東大和市,清原市民センター
00BE01,35.785748,139.526446,13,清瀬市,清瀬市役所　本庁舎
00BE02,35.798749,139.533882,13,清瀬市,清瀬市役所　環境課
00BE03,35.771,139.51477,13,清瀬市,松山地域市民センター
00BE04,35.765879,139.511648,13,清瀬市,竹丘地域市民センター
00BE05,35.779182,139.499424,13,清瀬市,野塩地域市民センター
00BF01,35.705705,139.353768,13,昭島市,昭島市役所　本庁舎
00BF02,35.723202,139.354574,13,昭島市,昭島市環境コミュニケーションセンター
00BF03,35.707041,139.367003,13,昭島市,昭島市勤労商工市民センター
00BF04,35.710831,139.364124,13,昭島市,昭島市保健福祉センター
00BF05,35.712954,139.373285,13,昭島市,昭島市中神土地区画整理事務所
00BF06,35.708559,139.37011,13,昭島市,昭島市水道部
00BF07,35.703711,139.382021,13,昭島市,昭島市立玉川会館
00BF08,35.705063,139.372833,13,昭島市,昭島市立朝日会館
00BF09,35.712241,139.382612,13,昭島市,昭島市立富士見会館
00BF10,35.700742,139.360809,13,昭島市,昭島市立大神会館
00BF11,35.712897,139.357667,13,昭島市,昭島市立昭和会館
00BF12,35.707304,139.342057,13,昭島市,昭島市立拝島会館
00BF13,35.714239,139.344603,13,昭島市,昭島市立緑会館
00BF14,35.723169,139.363706,13,昭島市,昭島市立堀向会館
00BF15,35.696745,139.38106,13,昭島市,昭島市立福島会館
00BF16,35.710934,139.335386,13,昭島市,昭島市立やまのかみ会館
00BF17,35.711187,139.375653,13,昭島市,昭島市立武蔵野会館
00BF18,35.713521,139.366153,13,昭島市,昭島市民会館・公民館
00BG01,35.636755,139.708052,13,目黒区,目黒区エコプラザ
00BH01,34.529083,139.281922,13,利島村,利島村役場庁舎
00BI01,35.684116,139.441366,13,国立市,国立市役所　本庁舎
11AA12,35.6792041,139.7389329,13,千代田区,長野県東京事務所（都道府県会館）
ACY001,35.64323,139.4363,13,多摩市,多摩市総合体育館
AEF001,35.790384,139.674946,13,板橋区,パークホームズ板橋蓮根　２番街
30,35.736502,139.638846,13,練馬区,練馬中村郵便局
70,35.65972,139.335496,13,八王子市,八王子横山町郵便局
90,35.67312,139.295312,13,八王子市,元八王子郵便局
130,35.630268,139.643655,13,世田谷区,世田谷桜新町郵便局
270,35.659292,139.343624,13,八王子市,八王子明神町郵便局
480,35.774231,139.696948,13,板橋区,板橋志村郵便局
490,35.755306,139.69732,13,板橋区,中板橋郵便局
500,35.776174,139.631322,13,板橋区,板橋成増郵便局
550,35.658102,139.878517,13,江戸川区,葛西仲町郵便局
600,35.7111251,139.6094066,13,杉並区,荻窪郵便局
610,35.684133,139.765787,13,千代田区,丸の内センタービル内郵便局
630,35.5889081,139.6784143,13,大田区,田園調布郵便局
660,35.675947,139.760704,13,千代田区,第一生命館内郵便局
670,35.67649,139.738239,13,千代田区,山王グランドビル内郵便局
700,35.554816,139.739385,13,大田区,大田西糀谷三郵便局
740,35.722755,139.703942,13,新宿区,新宿下落合三郵便局
770,35.737273,139.660519,13,練馬区,練馬桜台郵便局
780,35.749351,139.799183,13,足立区,足立中居郵便局
870,35.675884,139.744844,13,千代田区,国会内郵便局
950,35.648618,139.624077,13,世田谷区,千歳船橋駅前郵便局
1040,35.685651,139.55015,13,三鷹市,三鷹上連雀郵便局
1060,35.5999626,139.3606324,13,町田市,町田西郵便局
1160,35.723215,139.574762,13,練馬区,練馬関町郵便局
1210,35.681753,139.861815,13,江戸川区,江戸川船堀郵便局
1280,35.575906,139.680637,13,大田区,大田鵜の木郵便局
1330,35.770563,139.643263,13,板橋区,板橋赤塚新町郵便局
1460,35.749034,139.756548,13,荒川区,荒川西尾久七郵便局
1470,35.737239,139.807259,13,荒川区,荒川汐入郵便局
1480,35.720199,139.68064,13,新宿区,新宿西落合郵便局
1620,35.668922,139.632884,13,杉並区,杉並桜上水郵便局
1720,35.79576,139.788768,13,足立区,足立西竹の塚郵便局
1780,35.65731,139.796054,13,江東区,江東豊洲郵便局
1830,35.628519,139.744077,13,港区,港港南郵便局
1850,35.674402,139.751791,13,千代田区,霞ヶ関郵便局
1880,35.691217,139.763576,13,千代田区,神田錦町郵便局
1890,35.664632,139.75365,13,港区,新橋四郵便局
1910,35.660513,139.729172,13,港区,六本木ヒルズ郵便局
1940,35.720563,139.784896,13,台東区,台東入谷郵便局
1980,35.620518,139.707266,13,品川区,品川小山三郵便局
2060,35.698262,139.851688,13,江戸川区,江戸川小松川郵便局
2100,35.670986,139.747113,13,千代田区,霞が関ビル内郵便局
2110,35.6703483,139.8179347,13,江東区,深川郵便局
2120,35.776149,139.803029,13,足立区,足立梅島郵便局
2130,35.687297,139.729374,13,新宿区,四谷駅前郵便局
2150,35.6606461015563,139.723366865905,13,港区,西麻布郵便局
2160,35.707669,139.759615,13,文京区,本郷四郵便局
2170,35.726171,139.804633,13,台東区,台東清川郵便局
2200,35.5856733,139.7281014,13,大田区,大森駅前郵便局
2210,35.603136,139.709224,13,品川区,品川中延五郵便局
2240,35.697437,139.676024,13,中野区,中野本町三郵便局
2300,35.743582,139.883884,13,江戸川区,北小岩六郵便局
2310,35.562697,139.46002,13,町田市,玉川学園前郵便局
2350,35.699901,139.780723,13,台東区,浅草橋郵便局
2360,35.696351,139.779061,13,千代田区,東神田郵便局
2440,35.7610229,139.7406157,13,北区,王子郵便局
2460,35.701893,139.739418,13,新宿区,新宿神楽坂郵便局
2490,35.7284934370878,139.712566716113,13,豊島区,南池袋郵便局
2500,35.703233,139.825172,13,江東区,江東亀戸郵便局
2520,35.695452,139.785753,13,中央区,両国郵便局
2530,35.6903237,139.696703,13,新宿区,新宿郵便局
2540,35.695395,139.774348,13,千代田区,神田須田町郵便局
2560,35.688272,139.807098,13,墨田区,墨田菊川郵便局
2570,35.6161175,139.6499375,13,世田谷区,玉川郵便局
2590,35.696482,139.831439,13,江東区,江東亀戸六郵便局
2600,35.668689,139.798542,13,江東区,江東牡丹郵便局
2620,35.702021,139.706097,13,新宿区,新宿大久保郵便局
2670,35.696109,139.420906,13,立川市,立川錦郵便局
2790,35.687845,139.797868,13,江東区,森下町郵便局
2800,35.693123,139.794053,13,墨田区,墨田両国三郵便局
2870,35.6897684,139.8292058,13,江東区,城東郵便局
2930,35.705267,139.731174,13,新宿区,新宿天神郵便局
2960,35.690795,139.785904,13,中央区,中央浜町一郵便局
2970,35.548929,139.784109,13,大田区,羽田空港郵便局
3060,35.701963,139.692236,13,新宿区,北新宿三郵便局
3140,35.748635,139.704463,13,板橋区,大山駅前郵便局
3160,35.734723,139.630475,13,中野区,富士見台駅前郵便局
3210,35.685607,139.669329,13,中野区,中野南台二郵便局
3460,35.703192,139.743228,13,新宿区,飯田橋駅東口郵便局
3500,35.765719,139.67788,13,板橋区,板橋中台郵便局
3510,35.672733,139.709444,13,渋谷区,渋谷神宮前郵便局
3600,35.784144,139.678008,13,板橋区,板橋蓮根郵便局
3650,35.682881,139.568442,13,三鷹市,三鷹新川郵便局
3850,35.751878,139.666277,13,練馬区,練馬氷川台郵便局
4080,35.69299,139.560458,13,三鷹市,三鷹下連雀四郵便局
4160,35.77152,139.691643,13,板橋区,板橋前野郵便局
4200,35.710734,139.766204,13,文京区,東京大学内郵便局
4420,35.769993,139.654877,13,板橋区,板橋徳丸三郵便局
4540,35.670476,139.858296,13,江戸川区,江戸川北葛西三郵便局
4560,35.703798,139.75205,13,文京区,東京ドームシティ郵便局
4620,35.7071205,139.6504364,13,杉並区,高円寺駅前郵便局
4830,35.563529,139.426093,13,町田市,町田木曽郵便局
4840,35.697879,139.479541,13,国分寺市,国分寺南郵便局
4890,35.741562,139.615875,13,練馬区,練馬高野台駅前郵便局
4960,35.7258272,139.6542049,13,中野区,中野北郵便局
4970,35.6481902,139.592944,13,世田谷区,成城郵便局
4980,35.6833658,139.5604869,13,三鷹市,三鷹郵便局
4990,35.7333739,139.4721368,13,小平市,小平郵便局
5150,35.693883,139.735891,13,新宿区,新宿保健会館内郵便局
5280,35.677111,139.515091,13,府中市,府中紅葉丘郵便局
5350,35.77801,139.500425,13,清瀬市,清瀬野塩郵便局
5370,35.71839,139.653665,13,中野区,中野野方五郵便局
5400,35.743656,139.604559,13,練馬区,石神井公園駅前郵便局
5420,35.7913347,139.8022341,13,足立区,足立北郵便局
5430,35.807274,139.810577,13,足立区,足立花畑五郵便局
5460,35.707151,139.782727,13,台東区,元浅草郵便局
5680,35.534127,139.459823,13,町田市,町田金森郵便局
5700,35.660591,139.412513,13,日野市,日野高幡郵便局
5740,35.684241,139.447865,13,国立市,国立富士見台郵便局
5750,35.639252,139.519804,13,稲城市,矢野口郵便局
5760,35.65549,139.73533,13,港区,麻布十番郵便局
5820,35.723068,139.459569,13,小平市,たかの台駅前郵便局
5840,35.7137126,139.355409,13,昭島市,昭島郵便局
5990,35.76936,139.702127,13,板橋区,板橋蓮沼郵便局
6300,35.6541917,139.5430069,13,調布市,調布駅前郵便局
6650,35.795125,139.541145,13,清瀬市,清瀬旭が丘郵便局
6670,35.670977,139.742127,13,港区,小松ビル内郵便局
6720,35.657584,139.782266,13,中央区,晴海トリトンスクエア郵便局
6730,35.777767,139.717641,13,北区,赤羽駅前郵便局
6750,35.7780664,139.686231,13,板橋区,板橋北郵便局
6830,35.683417,139.770415,13,千代田区,鉄鋼ビル郵便局
6970,35.6394114346666,139.560866057488,13,調布市,調布染地郵便局
6980,35.568151,139.436529,13,町田市,町田山崎郵便局
7090,35.745581,139.504588,13,東久留米市,東久留米滝山郵便局
7320,35.6433505,139.3066905,13,八王子市,めじろ台駅前郵便局
7520,35.7051727,139.5061855,13,小金井市,小金井郵便局
7550,35.686816,139.766412,13,千代田区,大手町郵便局
7570,35.691699,139.69107,13,新宿区,新宿第一生命ビル内郵便局
7590,35.628284,139.448406,13,多摩市,永山駅前郵便局
7630,35.786497,139.841107,13,足立区,足立佐野郵便局
7810,35.708622,139.76865,13,文京区,湯島四郵便局
7880,35.7197044,139.8176035,13,墨田区,向島郵便局
7930,35.782823,139.769652,13,足立区,足立江北郵便局
7940,35.789475,139.810389,13,足立区,足立保木間郵便局
8010,35.722673,139.442566,13,立川市,立川若葉町郵便局
8040,35.735932,139.506395,13,小平市,小平花小金井五郵便局
8110,35.6126778,139.7073462,13,品川区,荏原郵便局
8120,35.7588363,139.5261256,13,東久留米市,東久留米郵便局
8130,35.6815286,139.6339889,13,杉並区,杉並南郵便局
8140,35.7723868,139.7807533,13,足立区,足立西郵便局
8150,35.646339,139.3006354,13,八王子市,八王子西郵便局
8240,35.786885,139.284847,13,青梅市,青梅霞台郵便局
8280,35.760879,139.321164,13,羽村市,羽村富士見郵便局
8500,35.786181,139.6586555,13,板橋区,板橋西郵便局
8540,35.7074193,139.7084815,13,新宿区,新宿北郵便局
8550,35.6983,139.79686,13,墨田区,墨田横網郵便局
8660,35.5686168,139.6956032,13,大田区,千鳥郵便局
8710,35.656718,139.652982,13,世田谷区,梅ケ丘駅前郵便局
8760,35.661709,139.865037,13,江戸川区,江戸川中葛西五郵便局
8780,35.6574161,139.3387677,13,八王子市,八王子駅前郵便局
8790,35.59221,139.380815,13,町田市,町田小山郵便局
8800,35.7293926,139.718113,13,豊島区,サンシャイン６０内郵便局
8810,35.693354,139.695133,13,新宿区,新宿野村ビル内郵便局
8900,35.6580698431177,139.369956137585,13,日野市,日野旭が丘郵便局
8910,35.683346,139.736711,13,千代田区,海事ビル内郵便局
8940,35.6420743,139.5749269,13,狛江市,狛江郵便局
9000,35.710394,139.730746,13,文京区,文京関口一郵便局
10010,35.7026444,139.8177762,13,墨田区,本所郵便局
10020,35.667172,139.761283,13,港区,新橋郵便局
10030,35.6606710507843,139.740927756808,13,港区,麻布台ヒルズ郵便局
10040,35.6796941807592,139.72011273723,13,新宿区,信濃町駅前郵便局
10050,35.6997097,139.7311797,13,新宿区,牛込郵便局
10060,35.7136113,139.7422897,13,文京区,小石川郵便局
10070,35.7122591,139.7590331,13,文京区,本郷郵便局
10080,35.6979444,139.7686719,13,千代田区,神田郵便局
10090,35.7189537,139.7810396,13,台東区,上野郵便局
10100,35.7101937,139.7908532,13,台東区,浅草郵便局
10110,35.7434133,139.811411,13,足立区,足立郵便局
10120,35.70874,139.803614,13,墨田区,本所吾妻橋駅前郵便局
10140,35.7296066,139.7211599,13,豊島区,豊島郵便局
10170,35.7772954,139.7237721,13,北区,赤羽郵便局
10180,35.7634694,139.8656491,13,葛飾区,葛飾新宿郵便局
10200,35.685414,139.782312,13,中央区,日本橋人形町郵便局
10210,35.5826457,139.7231658,13,大田区,大森郵便局
10220,35.6628897,139.7517713,13,港区,芝郵便局
10240,35.694531,139.765935,13,千代田区,小川町駅前郵便局
10270,35.64027,139.748043,13,港区,芝浦海岸通郵便局
10330,35.7678909,139.311552,13,羽村市,羽村郵便局
10350,35.651364,139.723351,13,港区,南麻布五郵便局
10380,35.669347,139.758999,13,中央区,銀座西郵便局
10410,35.6602914,139.7040784,13,渋谷区,渋谷郵便局
10430,35.670575,139.763364,13,中央区,銀座みゆき通郵便局
10450,35.640226,139.6677378,13,世田谷区,世田谷郵便局
10470,35.649594,139.745144,13,港区,慶應義塾前郵便局
10490,35.718935,139.76385,13,文京区,文京根津郵便局
10510,35.701621,139.7851,13,台東区,鳥越神社前郵便局
10530,35.573315,139.70055,13,大田区,池上郵便局
10550,35.646811,139.730726,13,港区,港白金三郵便局
10560,35.6990411,139.4154096,13,立川市,立川郵便局
10570,35.5881694,139.4639016,13,町田市,鶴川郵便局
10600,35.6050379,139.7362332,13,品川区,品川郵便局
10640,35.647654,139.74942,13,港区,港芝四郵便局
10650,35.631379,139.709056,13,目黒区,下目黒郵便局
10660,35.76719,139.349769,13,瑞穂町,瑞穂郵便局
10670,35.6731982,139.2639823,13,八王子市,恩方郵便局
10680,35.687537,139.772602,13,中央区,日本橋室町三井タワー内郵便局
10700,35.642253,139.7413812,13,港区,高輪郵便局
10730,35.661895,139.781713,13,中央区,京橋月島郵便局
10760,35.704325,139.776698,13,台東区,台東三郵便局
10770,35.696093,139.757188,13,千代田区,神田北神保町郵便局
10790,35.714876,139.750662,13,文京区,小石川一郵便局
10830,35.6672675,139.7691172,13,中央区,京橋郵便局
10840,35.676385,139.775212,13,中央区,中央八丁堀郵便局
10850,35.688472,139.726235,13,新宿区,四谷通二郵便局
10860,35.5585239,139.7179122,13,大田区,蒲田郵便局
10870,35.766916,139.664702,13,練馬区,練馬北町郵便局
10880,35.690117,139.780895,13,中央区,日本橋大伝馬町郵便局
10890,35.699755,139.721227,13,新宿区,牛込若松町郵便局
10950,35.638057,139.726842,13,港区,港白金台郵便局
10970,35.648805,139.712888,13,渋谷区,渋谷橋郵便局
11020,35.7094709,139.4624219,13,国分寺市,国分寺郵便局
11060,35.682823,139.781215,13,中央区,日本橋小網町郵便局
11080,35.662766,139.708916,13,渋谷区,渋谷青山通郵便局
11120,35.666884,139.749444,13,港区,虎ノ門ヒルズ郵便局
11130,35.680834,139.701934,13,渋谷区,代々木駅前通郵便局
11150,35.666628,139.705093,13,渋谷区,神宮前六郵便局
11200,35.731184,139.759816,13,文京区,文京千駄木四郵便局
11220,35.630721,139.654384,13,世田谷区,世田谷駒沢郵便局
11260,35.652873,139.744688,13,港区,三田国際ビル内郵便局
11270,35.7582686,139.4668004,13,東村山市,東村山郵便局
11280,35.690559,139.7718,13,千代田区,神田今川橋郵便局
11300,35.690573,139.776382,13,中央区,日本橋本町郵便局
11350,35.615042,139.744026,13,品川区,南品川一郵便局
11360,35.7492569,139.7136211,13,板橋区,板橋郵便局
11380,35.687541,139.777209,13,中央区,日本橋小舟町郵便局
11390,35.7034462,139.6666271,13,中野区,中野郵便局
11400,35.669313,139.75328,13,港区,西新橋郵便局
11420,35.6667428,139.3407478,13,八王子市,八王子郵便局
11430,35.6748172,139.4784834,13,府中市,武蔵府中郵便局
11440,35.7874014,139.2752632,13,青梅市,青梅郵便局
11450,35.5554108,139.4447983,13,町田市,町田郵便局
11460,35.7319306,139.2850452,13,あきる野市,あきる野郵便局
11470,35.7303957,139.5404114,13,西東京市,西東京郵便局
11480,35.8058738,139.0949583,13,奥多摩町,奥多摩郵便局
11490,35.6530782,139.5584,13,調布市,調布郵便局
11500,35.6710432,139.4039837,13,日野市,日野郵便局
11520,35.733354,139.708993,13,豊島区,池袋郵便局
11600,35.612714,139.629233,13,世田谷区,二子玉川郵便局
11610,35.749435,139.76934,13,荒川区,熊野前郵便局
11630,35.6799227993788,139.77402578927,13,中央区,日本橋郵便局
11640,35.654024,139.708297,13,渋谷区,渋谷東二郵便局
11670,35.752208,139.746784,13,北区,北堀船郵便局
11680,35.724809,139.730154,13,文京区,文京大塚五郵便局
11720,35.6493632,139.6323322,13,世田谷区,千歳郵便局
11730,35.7027653,139.8633052,13,江戸川区,江戸川郵便局
11770,35.776809,139.5180147,13,清瀬市,清瀬郵便局
11780,35.7282963,139.8865905,13,江戸川区,小岩郵便局
11790,35.7353457,139.6526326,13,練馬区,練馬郵便局
11820,35.673923,139.664612,13,渋谷区,渋谷笹塚郵便局
11850,35.7022,139.622596,13,杉並区,荻窪四郵便局
11870,35.736006,139.7464693,13,豊島区,駒込駅前郵便局
11900,35.7412349,139.5938738,13,練馬区,石神井郵便局
11910,35.709583,139.797168,13,台東区,雷門郵便局
11930,35.688764,139.814517,13,江東区,江東住吉郵便局
11950,35.7040823,139.5442627,13,武蔵野市,武蔵野境郵便局
11970,35.7101766,139.5618469,13,武蔵野市,武蔵野郵便局
12000,35.660138,139.695132,13,渋谷区,渋谷松濤郵便局
12140,35.627745,139.6938525,13,目黒区,目黒郵便局
12160,35.743905,139.724547,13,北区,滝野川郵便局
12180,35.703979,139.63591,13,杉並区,阿佐谷駅前郵便局
12190,35.668098,139.690524,13,渋谷区,渋谷富ケ谷一郵便局
12200,35.646259,139.708033,13,渋谷区,恵比寿駅前郵便局
12210,35.710847,139.704369,13,新宿区,新宿諏訪町郵便局
12240,35.73026,139.706561,13,豊島区,西池袋郵便局
12250,35.607151,139.686264,13,大田区,大岡山駅前郵便局
12260,35.597607,139.666785,13,大田区,田園調布駅前郵便局
12300,35.6336299,139.328975,13,八王子市,八王子南郵便局
12310,35.657176,139.696143,13,渋谷区,渋谷道玄坂郵便局
12320,35.753007,139.716006,13,板橋区,板橋四郵便局
12330,35.71982,139.714962,13,豊島区,雑司が谷郵便局
12340,35.648576,139.677838,13,世田谷区,世田谷池尻郵便局
12390,35.6867316,139.442019,13,国立市,国立郵便局
12460,35.709816,139.649936,13,中野区,中野大和町郵便局
12500,35.6218774,139.4216207,13,多摩市,多摩郵便局
12510,35.6731822,139.7261232,13,港区,赤坂郵便局
12520,35.6920651047065,139.740338267134,13,千代田区,麹町郵便局
12530,35.691404,139.779176,13,中央区,小伝馬町郵便局
12640,35.764326,139.705507,13,板橋区,板橋清水郵便局
12670,35.709878,139.6949,13,新宿区,新宿小滝橋郵便局
12780,35.763151,139.720548,13,北区,十条仲原郵便局
12800,35.669643,139.682311,13,渋谷区,渋谷上原郵便局
12820,35.634732,139.663213,13,世田谷区,世田谷上馬郵便局
12880,35.764209,139.84893,13,葛飾区,亀有郵便局
12900,35.669992,139.599001,13,世田谷区,千歳烏山郵便局
12940,35.6322675,139.5779106,13,狛江市,狛江駅前郵便局
12960,35.735884,139.789201,13,荒川区,荒川南千住郵便局
12980,35.696149,139.762072,13,千代田区,小川町郵便局
12990,35.6250377,139.7190059,13,品川区,大崎郵便局
13030,35.690399,139.679016,13,中野区,中野弥生郵便局
13050,35.651373,139.686554,13,目黒区,目黒大橋郵便局
13070,35.762219,139.673975,13,板橋区,上板橋郵便局
13100,35.607967,139.667146,13,目黒区,目黒自由が丘郵便局
13130,35.6988519,139.635963,13,杉並区,杉並郵便局
13140,35.7344579,139.7841524,13,荒川区,荒川郵便局
13150,35.6768471,139.6823548,13,渋谷区,代々木郵便局
13160,35.7361562,139.8395839,13,葛飾区,葛飾郵便局
13360,35.596014,139.685143,13,大田区,大田東雪谷二郵便局
13370,35.765562,139.735885,13,北区,王子五郵便局
13390,35.783163,139.721036,13,北区,赤羽岩淵駅前郵便局
13400,35.694336,139.4113,13,立川市,立川柴崎郵便局
13480,35.655221,139.648161,13,世田谷区,豪徳寺駅前郵便局
13670,35.6420228,139.2841621,13,八王子市,京王高尾駅前郵便局
13760,35.544866,139.446987,13,町田市,原町田六郵便局
13820,35.724303,139.4790256,13,小平市,一橋学園駅前郵便局
13850,35.737996,139.74942,13,北区,中里郵便局
13930,35.726841,139.716066,13,豊島区,豊島区役所前郵便局
13940,35.672391,139.818847,13,江東区,江東区文化センター内郵便局
13950,35.6698279,139.8677749,13,江戸川区,葛西郵便局
14040,35.662365,139.855801,13,江戸川区,葛西クリーンタウン内郵便局
14050,35.59893,139.750141,13,品川区,品川八潮郵便局
14070,35.737208,139.733021,13,豊島区,巣鴨郵便局
14200,35.667085,139.739949,13,港区,アーク森ビル内郵便局
14220,35.661254,139.873867,13,江戸川区,江戸川東葛西六郵便局
14230,35.681551,139.772806,13,中央区,日本橋南郵便局
14320,35.691803,139.695553,13,新宿区,新宿センタービル内郵便局
14330,35.580834,139.436218,13,町田市,町田山崎北郵便局
14370,35.674693,139.78377,13,中央区,中央新川二郵便局
14400,35.7685827,139.8481974,13,葛飾区,亀有駅前郵便局
14420,35.7651652,139.5879903,13,練馬区,大泉郵便局
14440,35.639902,139.487362,13,稲城市,稲城向陽台郵便局
14450,35.682904,139.686881,13,新宿区,東京オペラシティ郵便局
14500,35.673304,139.76753,13,中央区,銀座通郵便局
14510,35.665682,139.872673,13,江戸川区,葛西駅前郵便局
14560,35.630826,139.789956,13,江東区,ＴＦＴ内郵便局
14570,35.623747,139.40132,13,八王子市,京王堀之内駅前郵便局
14580,35.804492,139.806794,13,足立区,花畑西郵便局
14630,35.7489391,139.4726585,13,東村山市,久米川駅前郵便局
14680,35.729448,139.881461,13,江戸川区,南小岩フラワーロード郵便局
14700,35.7591283,139.6305056,13,練馬区,光が丘郵便局
14740,35.649965,139.756896,13,港区,シーバンスＮ館内郵便局
14780,35.693463,139.771676,13,千代田区,千代田鍛冶町郵便局
14810,35.664313,139.85792,13,江戸川区,西葛西駅前郵便局
14820,35.771538,139.520198,13,清瀬市,清瀬駅前郵便局
14900,35.7483933,139.4053312,13,武蔵村山市,武蔵村山郵便局
14910,35.612276,139.369324,13,八王子市,八王子南大沢五郵便局
14960,35.665231,139.31577,13,八王子市,八王子市役所前郵便局
14970,35.7145646938059,139.361529732959,13,昭島市,昭島駅前郵便局
14990,35.747557,139.702186,13,板橋区,板橋ハッピーロード郵便局
15020,35.663827,139.739069,13,港区,全特六本木ビル内郵便局
15030,35.706307,139.868735,13,江戸川区,江戸川区役所前郵便局
15070,35.730821,139.715597,13,豊島区,池袋サンシャイン通郵便局
15090,35.705722,139.775366,13,台東区,仲御徒町郵便局
15100,35.729842,139.708065,13,豊島区,東京芸術劇場郵便局
15120,35.678662,139.778278,13,中央区,日本橋茅場町郵便局
15150,35.659512,139.52518,13,調布市,調布飛田給郵便局
15170,35.687758,139.764278,13,千代田区,ＫＤＤＩ大手町ビル内郵便局
15240,35.729672,139.747464,13,文京区,文京グリーンコート郵便局
15260,35.687793,139.697776,13,渋谷区,新宿駅南口郵便局
15290,35.690182,139.707534,13,新宿区,新宿二郵便局
15310,35.693866,139.777143,13,千代田区,千代田岩本町郵便局
15340,35.684601,139.785541,13,中央区,中央人形町二郵便局
15350,35.647999,139.608191,13,世田谷区,世田谷祖師谷四郵便局
15360,35.713207,139.707255,13,新宿区,高田馬場二郵便局
15460,35.701687,139.779019,13,台東区,台東一郵便局
15470,35.64227,139.71321,13,渋谷区,恵比寿ガーデンプレイス郵便局
15480,35.66928,139.61643,13,世田谷区,八幡山駅前郵便局
15500,35.685346,139.690982,13,新宿区,新宿パークタワー内郵便局
15520,35.630219,139.777864,13,港区,お台場海浜公園前郵便局
15540,35.60815,139.729188,13,品川区,品川区役所前郵便局
15570,35.68608,139.77533,13,中央区,日本橋室町郵便局
15580,35.688688,139.773924,13,中央区,新日本橋駅前郵便局
15590,35.667002,139.778661,13,中央区,聖路加ガーデン内郵便局
15640,35.658779,139.813847,13,江東区,江東潮見郵便局
15650,35.693561,139.687836,13,新宿区,新宿アイタウン郵便局
15660,35.702137,139.414809,13,立川市,ファーレ立川郵便局
15800,35.72211,139.696162,13,新宿区,新宿下落合四郵便局
15810,35.7108932,139.6878948,13,中野区,落合郵便局
15820,35.696258,139.683397,13,中野区,中野坂上郵便局
15880,35.667045,139.765256,13,中央区,銀座七郵便局
15930,35.626309,139.742017,13,港区,品川インターシティ郵便局
15980,35.672639,139.770185,13,中央区,銀座一郵便局
16010,35.673117,139.740735,13,千代田区,山王パークタワー内郵便局
16020,35.511146,139.471386,13,町田市,グランベリーパーク郵便局
16070,35.540968,139.448098,13,町田市,町田駅前郵便局
16130,35.665368,139.761018,13,港区,汐留シティセンター郵便局
16150,35.680068,139.764692,13,千代田区,東京中央郵便局
17710,34.750709,139.3562568,13,大島町,大島郵便局
17720,34.6941384,139.4404543,13,大島町,波浮港郵便局
17730,34.3737206,139.2566216,13,新島村,新島郵便局
17740,34.084369,139.522418,13,三宅村,三宅島郵便局
17770,33.1220864,139.8023131,13,八丈町,三根郵便局
17780,33.102183,139.80051,13,八丈町,中ノ郷郵便局
17790,34.217113,139.154358,13,神津島村,神津島郵便局
17910,34.3274098,139.2157387,13,新島村,式根島郵便局
17940,27.0947241162599,142.191747218436,13,小笠原村,小笠原郵便局
